,trial,sentence_prompt,solution
1,1,The eleventh word after the twenty-fifth to last word in this sentence is,The
2,2,The eighth word after the twenty-first to last word in this sentence is,eighth
3,3,The second word after the fourteenth to last word in this sentence is,word
4,4,The eighteenth word after the twenty-ninth to last word in this sentence is,after
5,5,The eighth word after the eighteenth to last word in this sentence is,the
6,6,The thirteenth word after the twenty-second to last word in this sentence is,twenty-second
7,7,The second word after the tenth to last word in this sentence is,to
8,8,The seventh word after the fourteenth to last word in this sentence is,last
9,9,The first word after the seventh to last word in this sentence is,word
10,10,The twelfth word after the seventeenth to last word in this sentence is,in
11,11,The seventh word after the eleventh to last word in this sentence is,this
12,12,The twenty-sixth word after the twenty-ninth to last word in this sentence is,sentence
13,13,The twenty-eighth word after the thirtieth to last word in this sentence is,is
14,14,The eighteenth word after the twenty-ninth to last word in this sentence is,The
15,15,The tenth word after the twenty-fourth to last word in this sentence is,The
16,16,The ninth word after the twenty-second to last word in this sentence is,ninth
17,17,The second word after the fourteenth to last word in this sentence is,word
18,18,The sixth word after the seventeenth to last word in this sentence is,after
19,19,The ninth word after the nineteenth to last word in this sentence is,the
20,20,The ninth word after the eighteenth to last word in this sentence is,eighteenth
21,21,The sixth word after the fourteenth to last word in this sentence is,to
22,22,The twentieth word after the twenty-seventh to last word in this sentence is,last
23,23,The eighth word after the fourteenth to last word in this sentence is,word
24,24,The third word after the eighth to last word in this sentence is,in
25,25,The twenty-fourth word after the twenty-eighth to last word in this sentence is,this
26,26,The sixth word after the ninth to last word in this sentence is,sentence
27,27,The ninth word after the eleventh to last word in this sentence is,is
28,28,The seventh word after the twenty-first to last word in this sentence is,eighteenth
29,29,The tenth word after the twenty-fourth to last word in this sentence is,The
30,30,The eleventh word after the twenty-fourth to last word in this sentence is,eleventh
31,31,The ninth word after the fifteenth to last word in this sentence is,word
32,32,The sixth word after the seventeenth to last word in this sentence is,after
33,33,The thirteenth word after the twenty-third to last word in this sentence is,the
34,34,The seventeenth word after the thirtieth to last word in this sentence is,seventeenth
35,35,The sixth word after the fourteenth to last word in this sentence is,to
36,36,The tenth word after the seventeenth to last word in this sentence is,last
37,37,The twentieth word after the twenty-sixth to last word in this sentence is,word
38,38,The seventeenth word after the twenty-second to last word in this sentence is,in
39,39,The eighth word after the twelfth to last word in this sentence is,this
40,40,The first word after the fourth to last word in this sentence is,sentence
41,41,The eighth word after the tenth to last word in this sentence is,is
42,42,The third word after the twelfth to last word in this sentence is,word
43,43,The eighth word after the twenty-second to last word in this sentence is,The
44,44,The fifteenth word after the twenty-eighth to last word in this sentence is,fifteenth
45,45,The seventeenth word after the twenty-third to last word in this sentence is,word
46,46,The seventh word after the eighteenth to last word in this sentence is,after
47,47,The fifteenth word after the twenty-fifth to last word in this sentence is,the
48,48,The seventeenth word after the twenty-sixth to last word in this sentence is,twenty-sixth
49,49,The seventh word after the fifteenth to last word in this sentence is,to
50,50,The thirteenth word after the twentieth to last word in this sentence is,last
51,51,The sixteenth word after the twenty-second to last word in this sentence is,word
52,52,The twenty-fourth word after the twenty-ninth to last word in this sentence is,in
53,53,The tenth word after the fourteenth to last word in this sentence is,this
54,54,The second word after the fifth to last word in this sentence is,sentence
55,55,The second word after the fourth to last word in this sentence is,is
56,56,The ninth word after the eighteenth to last word in this sentence is,after
57,57,The sixteenth word after the thirtieth to last word in this sentence is,The
58,58,The fifth word after the eighteenth to last word in this sentence is,fifth
59,59,The fourteenth word after the twentieth to last word in this sentence is,word
60,60,The fourteenth word after the twenty-fifth to last word in this sentence is,after
61,61,The fifth word after the fifteenth to last word in this sentence is,the
62,62,The fifteenth word after the twenty-eighth to last word in this sentence is,fifteenth
63,63,The eighteenth word after the twenty-sixth to last word in this sentence is,to
64,64,The sixteenth word after the twenty-third to last word in this sentence is,last
65,65,The nineteenth word after the twenty-fifth to last word in this sentence is,word
66,66,The thirteenth word after the eighteenth to last word in this sentence is,in
67,67,The twenty-fifth word after the twenty-ninth to last word in this sentence is,this
68,68,The twenty-third word after the twenty-sixth to last word in this sentence is,sentence
69,69,The sixth word after the eighth to last word in this sentence is,is
70,70,The twenty-sixth word after the twenty-ninth to last word in this sentence is,the
71,71,The third word after the seventeenth to last word in this sentence is,The
72,72,The twelfth word after the twenty-first to last word in this sentence is,twenty-first
73,73,The third word after the fifteenth to last word in this sentence is,word
74,74,The seventeenth word after the twenty-eighth to last word in this sentence is,after
75,75,The third word after the thirteenth to last word in this sentence is,the
76,76,The twenty-first word after the thirtieth to last word in this sentence is,thirtieth
77,77,The seventeenth word after the twenty-fifth to last word in this sentence is,to
78,78,The sixth word after the thirteenth to last word in this sentence is,last
79,79,The thirteenth word after the twenty-fifth to last word in this sentence is,word
80,80,The nineteenth word after the twenty-fourth to last word in this sentence is,in
81,81,The fourth word after the eighth to last word in this sentence is,this
82,82,The twenty-seventh word after the thirtieth to last word in this sentence is,sentence
83,83,The ninth word after the eleventh to last word in this sentence is,is
84,84,The sixth word after the fifteenth to last word in this sentence is,thirtieth
85,85,The third word after the seventeenth to last word in this sentence is,The
86,86,The fourteenth word after the twenty-seventh to last word in this sentence is,fourteenth
87,87,The eleventh word after the seventeenth to last word in this sentence is,word
88,88,The eleventh word after the twenty-second to last word in this sentence is,after
89,89,The ninth word after the nineteenth to last word in this sentence is,the
90,90,The thirteenth word after the twenty-second to last word in this sentence is,twenty-second
91,91,The nineteenth word after the twenty-seventh to last word in this sentence is,to
92,92,The third word after the tenth to last word in this sentence is,last
93,93,The ninth word after the twenty-first to last word in this sentence is,word
94,94,The third word after the eighth to last word in this sentence is,in
95,95,The eighth word after the twelfth to last word in this sentence is,this
96,96,The sixth word after the ninth to last word in this sentence is,sentence
97,97,The first word after the third to last word in this sentence is,is
98,98,The eleventh word after the twenty-fourth to last word in this sentence is,to
99,99,The fourteenth word after the twenty-eighth to last word in this sentence is,The
100,100,The fourth word after the seventeenth to last word in this sentence is,fourth
101,101,The thirteenth word after the nineteenth to last word in this sentence is,word
102,102,The sixth word after the seventeenth to last word in this sentence is,after
103,103,The fourth word after the fourteenth to last word in this sentence is,the
104,104,The second word after the eleventh to last word in this sentence is,eleventh
105,105,The first word after the ninth to last word in this sentence is,to
106,106,The eighth word after the fifteenth to last word in this sentence is,last
107,107,The twenty-first word after the twenty-seventh to last word in this sentence is,word
108,108,The nineteenth word after the twenty-fourth to last word in this sentence is,in
109,109,The twenty-second word after the twenty-sixth to last word in this sentence is,this
110,110,The fourth word after the seventh to last word in this sentence is,sentence
111,111,The twentieth word after the twenty-second to last word in this sentence is,is
112,112,The seventh word after the twentieth to last word in this sentence is,last
113,113,The first word after the fifteenth to last word in this sentence is,The
114,114,The fourth word after the seventeenth to last word in this sentence is,fourth
115,115,The eighteenth word after the twenty-fourth to last word in this sentence is,word
116,116,The sixth word after the seventeenth to last word in this sentence is,after
117,117,The first word after the eleventh to last word in this sentence is,the
118,118,The first word after the tenth to last word in this sentence is,tenth
119,119,The twenty-first word after the twenty-ninth to last word in this sentence is,to
120,120,The fourteenth word after the twenty-first to last word in this sentence is,last
121,121,The eighth word after the fourteenth to last word in this sentence is,word
122,122,The sixth word after the eleventh to last word in this sentence is,in
123,123,The eighth word after the twelfth to last word in this sentence is,this
124,124,The twenty-seventh word after the thirtieth to last word in this sentence is,sentence
125,125,The twenty-third word after the twenty-fifth to last word in this sentence is,is
126,126,The seventh word after the sixteenth to last word in this sentence is,word
127,127,The ninth word after the twenty-third to last word in this sentence is,The
128,128,The ninth word after the twenty-second to last word in this sentence is,ninth
129,129,The fifth word after the eleventh to last word in this sentence is,word
130,130,The seventh word after the eighteenth to last word in this sentence is,after
131,131,The second word after the twelfth to last word in this sentence is,the
132,132,The fifth word after the fourteenth to last word in this sentence is,fourteenth
133,133,The twentieth word after the twenty-eighth to last word in this sentence is,to
134,134,The seventh word after the fourteenth to last word in this sentence is,last
135,135,The fifteenth word after the twenty-first to last word in this sentence is,word
136,136,The ninth word after the fourteenth to last word in this sentence is,in
137,137,The first word after the fifth to last word in this sentence is,this
138,138,The eleventh word after the fourteenth to last word in this sentence is,sentence
139,139,The sixth word after the eighth to last word in this sentence is,is
140,140,The fifth word after the eighteenth to last word in this sentence is,in
141,141,The tenth word after the twenty-fourth to last word in this sentence is,The
142,142,The second word after the fifteenth to last word in this sentence is,second
143,143,The fourth word after the sixteenth to last word in this sentence is,word
144,144,The nineteenth word after the thirtieth to last word in this sentence is,after
145,145,The fifth word after the fifteenth to last word in this sentence is,the
146,146,The sixth word after the nineteenth to last word in this sentence is,sixth
147,147,The seventh word after the fifteenth to last word in this sentence is,to
148,148,The eighteenth word after the twenty-fifth to last word in this sentence is,last
149,149,The thirteenth word after the twenty-fifth to last word in this sentence is,word
150,150,The thirteenth word after the eighteenth to last word in this sentence is,in
151,151,The fourth word after the eighth to last word in this sentence is,this
152,152,The eleventh word after the fourteenth to last word in this sentence is,sentence
153,153,The seventh word after the ninth to last word in this sentence is,is
154,154,The sixth word after the nineteenth to last word in this sentence is,this
155,155,The sixteenth word after the thirtieth to last word in this sentence is,The
156,156,The seventeenth word after the thirtieth to last word in this sentence is,seventeenth
157,157,The nineteenth word after the twenty-fifth to last word in this sentence is,word
158,158,The seventeenth word after the twenty-eighth to last word in this sentence is,after
159,159,The second word after the twelfth to last word in this sentence is,the
160,160,The eleventh word after the twentieth to last word in this sentence is,twentieth
161,161,The sixteenth word after the twenty-fourth to last word in this sentence is,to
162,162,The sixteenth word after the twenty-third to last word in this sentence is,last
163,163,The ninth word after the fifteenth to last word in this sentence is,word
164,164,The eighth word after the thirteenth to last word in this sentence is,in
165,165,The fourteenth word after the eighteenth to last word in this sentence is,this
166,166,The seventeenth word after the twentieth to last word in this sentence is,sentence
167,167,The thirteenth word after the fifteenth to last word in this sentence is,is
168,168,The twentieth word after the twenty-ninth to last word in this sentence is,sentence
169,169,The second word after the sixteenth to last word in this sentence is,The
170,170,The seventh word after the twentieth to last word in this sentence is,seventh
171,171,The twenty-fourth word after the thirtieth to last word in this sentence is,word
172,172,The sixth word after the seventeenth to last word in this sentence is,after
173,173,The twentieth word after the thirtieth to last word in this sentence is,the
174,174,The ninth word after the twenty-second to last word in this sentence is,ninth
175,175,The fifteenth word after the twenty-third to last word in this sentence is,to
176,176,The sixth word after the thirteenth to last word in this sentence is,last
177,177,The seventh word after the thirteenth to last word in this sentence is,word
178,178,The third word after the eighth to last word in this sentence is,in
179,179,The sixth word after the tenth to last word in this sentence is,this
180,180,The first word after the fourth to last word in this sentence is,sentence
181,181,The eighteenth word after the twentieth to last word in this sentence is,is
182,182,The fifth word after the fourteenth to last word in this sentence is,is
183,183,The seventh word after the twenty-first to last word in this sentence is,The
184,184,The ninth word after the eighteenth to last word in this sentence is,eighteenth
185,185,The fifth word after the seventeenth to last word in this sentence is,word
186,186,The fourteenth word after the twenty-fifth to last word in this sentence is,after
187,187,The eleventh word after the twenty-first to last word in this sentence is,the
188,188,The seventeenth word after the twenty-sixth to last word in this sentence is,twenty-sixth
189,189,The ninth word after the seventeenth to last word in this sentence is,to
190,190,The third word after the tenth to last word in this sentence is,last
191,191,The eighteenth word after the twenty-fourth to last word in this sentence is,word
192,192,The fourth word after the ninth to last word in this sentence is,in
193,193,The twenty-second word after the twenty-sixth to last word in this sentence is,this
194,194,The second word after the fifth to last word in this sentence is,sentence
195,195,The seventeenth word after the nineteenth to last word in this sentence is,is
196,196,The eighth word after the thirteenth to last word in this sentence is,word
197,197,The eleventh word after the twenty-fifth to last word in this sentence is,The
198,198,The tenth word after the twenty-third to last word in this sentence is,tenth
199,199,The tenth word after the twenty-second to last word in this sentence is,word
200,200,The eleventh word after the twenty-second to last word in this sentence is,after
201,201,The nineteenth word after the twenty-ninth to last word in this sentence is,the
202,202,The fifteenth word after the twenty-fourth to last word in this sentence is,twenty-fourth
203,203,The eighth word after the sixteenth to last word in this sentence is,to
204,204,The sixth word after the thirteenth to last word in this sentence is,last
205,205,The second word after the eighth to last word in this sentence is,word
206,206,The fourth word after the ninth to last word in this sentence is,in
207,207,The seventeenth word after the twenty-first to last word in this sentence is,this
208,208,The thirteenth word after the sixteenth to last word in this sentence is,sentence
209,209,The first word after the third to last word in this sentence is,is
210,210,The eighteenth word after the twenty-seventh to last word in this sentence is,The
211,211,The thirteenth word after the twenty-seventh to last word in this sentence is,The
212,212,The first word after the fourteenth to last word in this sentence is,first
213,213,The ninth word after the fifteenth to last word in this sentence is,word
214,214,The thirteenth word after the twenty-fourth to last word in this sentence is,after
215,215,The nineteenth word after the twenty-ninth to last word in this sentence is,the
216,216,The fourteenth word after the twenty-seventh to last word in this sentence is,fourteenth
217,217,The fourteenth word after the twenty-second to last word in this sentence is,to
218,218,The fourth word after the eleventh to last word in this sentence is,last
219,219,The twenty-second word after the twenty-eighth to last word in this sentence is,word
220,220,The eighteenth word after the twenty-third to last word in this sentence is,in
221,221,The twenty-first word after the twenty-fifth to last word in this sentence is,this
222,222,The seventeenth word after the twentieth to last word in this sentence is,sentence
223,223,The twenty-first word after the twenty-third to last word in this sentence is,is
224,224,The nineteenth word after the twenty-eighth to last word in this sentence is,first
225,225,The thirteenth word after the twenty-seventh to last word in this sentence is,The
226,226,The sixth word after the nineteenth to last word in this sentence is,sixth
227,227,The twenty-second word after the twenty-eighth to last word in this sentence is,word
228,228,The eighth word after the nineteenth to last word in this sentence is,after
229,229,The tenth word after the twentieth to last word in this sentence is,the
230,230,The twelfth word after the twenty-fifth to last word in this sentence is,twelfth
231,231,The tenth word after the eighteenth to last word in this sentence is,to
232,232,The eleventh word after the eighteenth to last word in this sentence is,last
233,233,The tenth word after the twenty-second to last word in this sentence is,word
234,234,The first word after the sixth to last word in this sentence is,in
235,235,The fifteenth word after the nineteenth to last word in this sentence is,this
236,236,The thirteenth word after the sixteenth to last word in this sentence is,sentence
237,237,The seventeenth word after the nineteenth to last word in this sentence is,is
238,238,The thirteenth word after the twenty-sixth to last word in this sentence is,word
239,239,The sixteenth word after the thirtieth to last word in this sentence is,The
240,240,The first word after the tenth to last word in this sentence is,tenth
241,241,The fifth word after the seventeenth to last word in this sentence is,word
242,242,The fourth word after the fifteenth to last word in this sentence is,after
243,243,The sixteenth word after the twenty-sixth to last word in this sentence is,the
244,244,The twelfth word after the twenty-first to last word in this sentence is,twenty-first
245,245,The seventh word after the fifteenth to last word in this sentence is,to
246,246,The fifth word after the twelfth to last word in this sentence is,last
247,247,The nineteenth word after the twenty-fifth to last word in this sentence is,word
248,248,The twentieth word after the twenty-fifth to last word in this sentence is,in
249,249,The fourth word after the eighth to last word in this sentence is,this
250,250,The seventeenth word after the twentieth to last word in this sentence is,sentence
251,251,The seventh word after the ninth to last word in this sentence is,is
252,252,The fourteenth word after the twenty-third to last word in this sentence is,after
253,253,The eighth word after the twenty-second to last word in this sentence is,The
254,254,The third word after the sixteenth to last word in this sentence is,third
255,255,The twelfth word after the eighteenth to last word in this sentence is,word
256,256,The nineteenth word after the thirtieth to last word in this sentence is,after
257,257,The ninth word after the nineteenth to last word in this sentence is,the
258,258,The fourth word after the thirteenth to last word in this sentence is,thirteenth
259,259,The seventh word after the fifteenth to last word in this sentence is,to
260,260,The second word after the ninth to last word in this sentence is,last
261,261,The seventh word after the thirteenth to last word in this sentence is,word
262,262,The sixteenth word after the twenty-first to last word in this sentence is,in
263,263,The seventh word after the eleventh to last word in this sentence is,this
264,264,The fifth word after the eighth to last word in this sentence is,sentence
265,265,The twenty-first word after the twenty-third to last word in this sentence is,is
266,266,The twelfth word after the nineteenth to last word in this sentence is,the
267,267,The first word after the fifteenth to last word in this sentence is,The
268,268,The eighth word after the twenty-first to last word in this sentence is,eighth
269,269,The thirteenth word after the twenty-fifth to last word in this sentence is,word
270,270,The sixth word after the seventeenth to last word in this sentence is,after
271,271,The seventh word after the seventeenth to last word in this sentence is,the
272,272,The twelfth word after the twenty-first to last word in this sentence is,twenty-first
273,273,The tenth word after the eighteenth to last word in this sentence is,to
274,274,The tenth word after the seventeenth to last word in this sentence is,last
275,275,The sixth word after the twelfth to last word in this sentence is,word
276,276,The twentieth word after the twenty-fifth to last word in this sentence is,in
277,277,The twenty-sixth word after the thirtieth to last word in this sentence is,this
278,278,The twenty-fourth word after the twenty-seventh to last word in this sentence is,sentence
279,279,The first word after the third to last word in this sentence is,is
280,280,The twentieth word after the twenty-ninth to last word in this sentence is,eighth
281,281,The fifteenth word after the twenty-ninth to last word in this sentence is,The
282,282,The twelfth word after the twenty-fifth to last word in this sentence is,twelfth
283,283,The eighth word after the twentieth to last word in this sentence is,word
284,284,The nineteenth word after the thirtieth to last word in this sentence is,after
285,285,The fifteenth word after the twenty-fifth to last word in this sentence is,the
286,286,The eleventh word after the twentieth to last word in this sentence is,twentieth
287,287,The seventeenth word after the twenty-fifth to last word in this sentence is,to
288,288,The fourteenth word after the twenty-first to last word in this sentence is,last
289,289,The tenth word after the sixteenth to last word in this sentence is,word
290,290,The twenty-third word after the twenty-eighth to last word in this sentence is,in
291,291,The second word after the sixth to last word in this sentence is,this
292,292,The tenth word after the thirteenth to last word in this sentence is,sentence
293,293,The twenty-third word after the twenty-fifth to last word in this sentence is,is
294,294,The second word after the sixteenth to last word in this sentence is,to
295,295,The eleventh word after the twenty-fifth to last word in this sentence is,The
296,296,The eleventh word after the twentieth to last word in this sentence is,twentieth
297,297,The ninth word after the twenty-first to last word in this sentence is,word
298,298,The twelfth word after the twenty-third to last word in this sentence is,after
299,299,The thirteenth word after the twenty-third to last word in this sentence is,the
300,300,The eighteenth word after the twenty-seventh to last word in this sentence is,twenty-seventh
301,301,The third word after the eleventh to last word in this sentence is,to
302,302,The sixth word after the thirteenth to last word in this sentence is,last
303,303,The eleventh word after the twenty-third to last word in this sentence is,word
304,304,The twenty-fifth word after the thirtieth to last word in this sentence is,in
305,305,The twenty-second word after the twenty-sixth to last word in this sentence is,this
306,306,The fourth word after the seventh to last word in this sentence is,sentence
307,307,The sixth word after the eighth to last word in this sentence is,is
308,308,The ninth word after the twenty-second to last word in this sentence is,last
309,309,The ninth word after the twenty-third to last word in this sentence is,The
310,310,The fifteenth word after the twenty-fourth to last word in this sentence is,twenty-fourth
311,311,The twenty-second word after the twenty-eighth to last word in this sentence is,word
312,312,The twelfth word after the twenty-third to last word in this sentence is,after
313,313,The sixth word after the sixteenth to last word in this sentence is,the
314,314,The twenty-first word after the thirtieth to last word in this sentence is,thirtieth
315,315,The twenty-first word after the twenty-ninth to last word in this sentence is,to
316,316,The fifteenth word after the twenty-second to last word in this sentence is,last
317,317,The fourteenth word after the twenty-sixth to last word in this sentence is,word
318,318,The fifth word after the tenth to last word in this sentence is,in
319,319,The fifth word after the ninth to last word in this sentence is,this
320,320,The twentieth word after the twenty-third to last word in this sentence is,sentence
321,321,The twenty-third word after the twenty-fifth to last word in this sentence is,is
322,322,The second word after the fifteenth to last word in this sentence is,word
323,323,The fifth word after the nineteenth to last word in this sentence is,The
324,324,The twelfth word after the twenty-first to last word in this sentence is,twenty-first
325,325,The second word after the eighth to last word in this sentence is,word
326,326,The nineteenth word after the thirtieth to last word in this sentence is,after
327,327,The fourteenth word after the twenty-fourth to last word in this sentence is,the
328,328,The seventeenth word after the twenty-sixth to last word in this sentence is,twenty-sixth
329,329,The third word after the eleventh to last word in this sentence is,to
330,330,The seventh word after the fourteenth to last word in this sentence is,last
331,331,The fourth word after the tenth to last word in this sentence is,word
332,332,The twenty-first word after the twenty-sixth to last word in this sentence is,in
333,333,The eighteenth word after the twenty-second to last word in this sentence is,this
334,334,The fifteenth word after the eighteenth to last word in this sentence is,sentence
335,335,The fourteenth word after the sixteenth to last word in this sentence is,is
336,336,The ninth word after the eighteenth to last word in this sentence is,in
337,337,The sixteenth word after the thirtieth to last word in this sentence is,The
338,338,The fifteenth word after the twenty-fourth to last word in this sentence is,twenty-fourth
339,339,The third word after the fifteenth to last word in this sentence is,word
340,340,The sixteenth word after the twenty-seventh to last word in this sentence is,after
341,341,The eighteenth word after the twenty-eighth to last word in this sentence is,the
342,342,The nineteenth word after the twenty-eighth to last word in this sentence is,twenty-eighth
343,343,The first word after the ninth to last word in this sentence is,to
344,344,The sixth word after the thirteenth to last word in this sentence is,last
345,345,The seventeenth word after the twenty-ninth to last word in this sentence is,word
346,346,The twenty-fifth word after the thirtieth to last word in this sentence is,in
347,347,The fourth word after the eighth to last word in this sentence is,this
348,348,The ninth word after the twelfth to last word in this sentence is,sentence
349,349,The twelfth word after the fourteenth to last word in this sentence is,is
350,350,The twenty-fifth word after the twenty-eighth to last word in this sentence is,this
351,351,The third word after the seventeenth to last word in this sentence is,The
352,352,The thirteenth word after the twenty-second to last word in this sentence is,twenty-second
353,353,The fourteenth word after the twentieth to last word in this sentence is,word
354,354,The eleventh word after the twenty-second to last word in this sentence is,after
355,355,The eighteenth word after the twenty-eighth to last word in this sentence is,the
356,356,The sixteenth word after the twenty-fifth to last word in this sentence is,twenty-fifth
357,357,The eighteenth word after the twenty-sixth to last word in this sentence is,to
358,358,The seventh word after the fourteenth to last word in this sentence is,last
359,359,The fourth word after the sixteenth to last word in this sentence is,word
360,360,The sixteenth word after the twenty-first to last word in this sentence is,in
361,361,The fifteenth word after the nineteenth to last word in this sentence is,this
362,362,The thirteenth word after the sixteenth to last word in this sentence is,sentence
363,363,The fifth word after the seventh to last word in this sentence is,is
364,364,The nineteenth word after the twenty-eighth to last word in this sentence is,sentence
365,365,The eleventh word after the twenty-fifth to last word in this sentence is,The
366,366,The thirteenth word after the twenty-second to last word in this sentence is,twenty-second
367,367,The seventeenth word after the twenty-third to last word in this sentence is,word
368,368,The sixth word after the seventeenth to last word in this sentence is,after
369,369,The third word after the thirteenth to last word in this sentence is,the
370,370,The fifteenth word after the twenty-fourth to last word in this sentence is,twenty-fourth
371,371,The seventeenth word after the twenty-fifth to last word in this sentence is,to
372,372,The eighteenth word after the twenty-fifth to last word in this sentence is,last
373,373,The nineteenth word after the twenty-fifth to last word in this sentence is,word
374,374,The third word after the eighth to last word in this sentence is,in
375,375,The seventeenth word after the twenty-first to last word in this sentence is,this
376,376,The first word after the fourth to last word in this sentence is,sentence
377,377,The twenty-fourth word after the twenty-sixth to last word in this sentence is,is
378,378,The eleventh word after the twenty-fourth to last word in this sentence is,is
379,379,The first word after the fifteenth to last word in this sentence is,The
380,380,The ninth word after the eighteenth to last word in this sentence is,eighteenth
381,381,The fourteenth word after the twentieth to last word in this sentence is,word
382,382,The fifteenth word after the twenty-sixth to last word in this sentence is,after
383,383,The sixteenth word after the twenty-sixth to last word in this sentence is,the
384,384,The twentieth word after the twenty-ninth to last word in this sentence is,twenty-ninth
385,385,The fourteenth word after the twenty-second to last word in this sentence is,to
386,386,The first word after the eighth to last word in this sentence is,last
387,387,The eighteenth word after the thirtieth to last word in this sentence is,word
388,388,The sixth word after the eleventh to last word in this sentence is,in
389,389,The twelfth word after the sixteenth to last word in this sentence is,this
390,390,The fourteenth word after the seventeenth to last word in this sentence is,sentence
391,391,The twenty-fourth word after the twenty-sixth to last word in this sentence is,is
392,392,The twenty-first word after the twenty-third to last word in this sentence is,last
393,393,The first word after the fifteenth to last word in this sentence is,The
394,394,The second word after the fifteenth to last word in this sentence is,second
395,395,The fifteenth word after the twenty-seventh to last word in this sentence is,word
396,396,The thirteenth word after the twenty-fourth to last word in this sentence is,after
397,397,The sixteenth word after the twenty-sixth to last word in this sentence is,the
398,398,The sixteenth word after the twenty-ninth to last word in this sentence is,sixteenth
399,399,The fifteenth word after the twenty-third to last word in this sentence is,to
400,400,The tenth word after the seventeenth to last word in this sentence is,last
401,401,The twenty-second word after the twenty-eighth to last word in this sentence is,word
402,402,The eighth word after the thirteenth to last word in this sentence is,in
403,403,The twenty-second word after the twenty-sixth to last word in this sentence is,this
404,404,The eighth word after the eleventh to last word in this sentence is,sentence
405,405,The second word after the fourth to last word in this sentence is,is
406,406,The fourth word after the thirteenth to last word in this sentence is,The
407,407,The eleventh word after the twenty-fifth to last word in this sentence is,The
408,408,The sixth word after the nineteenth to last word in this sentence is,sixth
409,409,The twenty-third word after the twenty-ninth to last word in this sentence is,word
410,410,The fourteenth word after the twenty-fifth to last word in this sentence is,after
411,411,The twentieth word after the thirtieth to last word in this sentence is,the
412,412,The tenth word after the nineteenth to last word in this sentence is,nineteenth
413,413,The twentieth word after the twenty-eighth to last word in this sentence is,to
414,414,The seventeenth word after the twenty-fourth to last word in this sentence is,last
415,415,The eighteenth word after the twenty-fourth to last word in this sentence is,word
416,416,The eleventh word after the sixteenth to last word in this sentence is,in
417,417,The nineteenth word after the twenty-third to last word in this sentence is,this
418,418,The twenty-fourth word after the twenty-seventh to last word in this sentence is,sentence
419,419,The twenty-fifth word after the twenty-seventh to last word in this sentence is,is
420,420,The thirteenth word after the sixteenth to last word in this sentence is,sixth
421,421,The sixteenth word after the thirtieth to last word in this sentence is,The
422,422,The second word after the fifteenth to last word in this sentence is,second
423,423,The twelfth word after the twenty-fourth to last word in this sentence is,word
424,424,The tenth word after the twenty-first to last word in this sentence is,after
425,425,The first word after the eleventh to last word in this sentence is,the
426,426,The fifth word after the fourteenth to last word in this sentence is,fourteenth
427,427,The nineteenth word after the twenty-seventh to last word in this sentence is,to
428,428,The twenty-second word after the twenty-ninth to last word in this sentence is,last
429,429,The seventh word after the thirteenth to last word in this sentence is,word
430,430,The sixteenth word after the twenty-first to last word in this sentence is,in
431,431,The sixth word after the tenth to last word in this sentence is,this
432,432,The twenty-sixth word after the twenty-ninth to last word in this sentence is,sentence
433,433,The twenty-seventh word after the twenty-ninth to last word in this sentence is,is
434,434,The tenth word after the seventeenth to last word in this sentence is,word
435,435,The fourth word after the eighteenth to last word in this sentence is,The
436,436,The eighth word after the seventeenth to last word in this sentence is,seventeenth
437,437,The fourth word after the sixteenth to last word in this sentence is,word
438,438,The ninth word after the twentieth to last word in this sentence is,after
439,439,The twentieth word after the thirtieth to last word in this sentence is,the
440,440,The nineteenth word after the twenty-eighth to last word in this sentence is,twenty-eighth
441,441,The nineteenth word after the twenty-seventh to last word in this sentence is,to
442,442,The seventeenth word after the twenty-fourth to last word in this sentence is,last
443,443,The fourth word after the tenth to last word in this sentence is,word
444,444,The eighteenth word after the twenty-third to last word in this sentence is,in
445,445,The ninth word after the thirteenth to last word in this sentence is,this
446,446,The thirteenth word after the sixteenth to last word in this sentence is,sentence
447,447,The fourth word after the sixth to last word in this sentence is,is
448,448,The eighth word after the twelfth to last word in this sentence is,after
449,449,The twelfth word after the twenty-sixth to last word in this sentence is,The
450,450,The seventh word after the twentieth to last word in this sentence is,seventh
451,451,The sixteenth word after the twenty-eighth to last word in this sentence is,word
452,452,The eleventh word after the twenty-second to last word in this sentence is,after
453,453,The third word after the thirteenth to last word in this sentence is,the
454,454,The seventeenth word after the thirtieth to last word in this sentence is,seventeenth
455,455,The seventh word after the fifteenth to last word in this sentence is,to
456,456,The nineteenth word after the twenty-sixth to last word in this sentence is,last
457,457,The twenty-third word after the twenty-ninth to last word in this sentence is,word
458,458,The seventeenth word after the twenty-second to last word in this sentence is,in
459,459,The tenth word after the fourteenth to last word in this sentence is,this
460,460,The second word after the fifth to last word in this sentence is,sentence
461,461,The fifth word after the seventh to last word in this sentence is,is
462,462,The seventh word after the twenty-first to last word in this sentence is,the
463,463,The eighth word after the twenty-second to last word in this sentence is,The
464,464,The third word after the sixteenth to last word in this sentence is,third
465,465,The eleventh word after the twenty-third to last word in this sentence is,word
466,466,The thirteenth word after the twenty-fourth to last word in this sentence is,after
467,467,The eighteenth word after the twenty-eighth to last word in this sentence is,the
468,468,The twelfth word after the twenty-fifth to last word in this sentence is,twelfth
469,469,The fifteenth word after the twenty-third to last word in this sentence is,to
470,470,The tenth word after the seventeenth to last word in this sentence is,last
471,471,The tenth word after the twenty-second to last word in this sentence is,word
472,472,The seventeenth word after the twenty-second to last word in this sentence is,in
473,473,The third word after the seventh to last word in this sentence is,this
474,474,The twenty-sixth word after the twenty-ninth to last word in this sentence is,sentence
475,475,The twenty-first word after the twenty-third to last word in this sentence is,is
476,476,The eighth word after the sixteenth to last word in this sentence is,twelfth
477,477,The seventh word after the twenty-first to last word in this sentence is,The
478,478,The sixth word after the nineteenth to last word in this sentence is,sixth
479,479,The nineteenth word after the twenty-fifth to last word in this sentence is,word
480,480,The eighth word after the nineteenth to last word in this sentence is,after
481,481,The third word after the thirteenth to last word in this sentence is,the
482,482,The fourteenth word after the twenty-seventh to last word in this sentence is,fourteenth
483,483,The eighth word after the sixteenth to last word in this sentence is,to
484,484,The eleventh word after the eighteenth to last word in this sentence is,last
485,485,The twentieth word after the twenty-sixth to last word in this sentence is,word
486,486,The twenty-fifth word after the thirtieth to last word in this sentence is,in
487,487,The third word after the seventh to last word in this sentence is,this
488,488,The fourteenth word after the seventeenth to last word in this sentence is,sentence
489,489,The twelfth word after the fourteenth to last word in this sentence is,is
490,490,The third word after the twelfth to last word in this sentence is,to
491,491,The twelfth word after the twenty-sixth to last word in this sentence is,The
492,492,The tenth word after the twenty-third to last word in this sentence is,tenth
493,493,The fourteenth word after the twentieth to last word in this sentence is,word
494,494,The sixteenth word after the twenty-seventh to last word in this sentence is,after
495,495,The sixth word after the sixteenth to last word in this sentence is,the
496,496,The seventeenth word after the thirtieth to last word in this sentence is,seventeenth
497,497,The thirteenth word after the twenty-first to last word in this sentence is,to
498,498,The twenty-second word after the twenty-ninth to last word in this sentence is,last
499,499,The fourteenth word after the twenty-sixth to last word in this sentence is,word
500,500,The twenty-third word after the twenty-eighth to last word in this sentence is,in
501,501,The twenty-first word after the twenty-fifth to last word in this sentence is,this
502,502,The first word after the fourth to last word in this sentence is,sentence
503,503,The twenty-seventh word after the twenty-ninth to last word in this sentence is,is
504,504,The ninth word after the eighteenth to last word in this sentence is,last
505,505,The seventh word after the twenty-first to last word in this sentence is,The
506,506,The third word after the sixteenth to last word in this sentence is,third
507,507,The fifth word after the eleventh to last word in this sentence is,word
508,508,The first word after the twelfth to last word in this sentence is,after
509,509,The twentieth word after the thirtieth to last word in this sentence is,the
510,510,The sixth word after the fifteenth to last word in this sentence is,fifteenth
511,511,The twenty-second word after the thirtieth to last word in this sentence is,to
512,512,The tenth word after the seventeenth to last word in this sentence is,last
513,513,The seventeenth word after the twenty-ninth to last word in this sentence is,word
514,514,The fifth word after the tenth to last word in this sentence is,in
515,515,The ninth word after the thirteenth to last word in this sentence is,this
516,516,The tenth word after the thirteenth to last word in this sentence is,sentence
517,517,The fifteenth word after the seventeenth to last word in this sentence is,is
518,518,The eighth word after the twenty-first to last word in this sentence is,word
519,519,The fourteenth word after the twenty-eighth to last word in this sentence is,The
520,520,The thirteenth word after the twenty-sixth to last word in this sentence is,thirteenth
521,521,The fifteenth word after the twenty-first to last word in this sentence is,word
522,522,The fifteenth word after the twenty-sixth to last word in this sentence is,after
523,523,The sixteenth word after the twenty-sixth to last word in this sentence is,the
524,524,The ninth word after the eighteenth to last word in this sentence is,eighteenth
525,525,The fifteenth word after the twenty-third to last word in this sentence is,to
526,526,The twenty-third word after the thirtieth to last word in this sentence is,last
527,527,The eleventh word after the twenty-third to last word in this sentence is,word
528,528,The nineteenth word after the twenty-fourth to last word in this sentence is,in
529,529,The second word after the sixth to last word in this sentence is,this
530,530,The sixth word after the ninth to last word in this sentence is,sentence
531,531,The twenty-third word after the twenty-fifth to last word in this sentence is,is
532,532,The nineteenth word after the twenty-eighth to last word in this sentence is,in
533,533,The second word after the sixteenth to last word in this sentence is,The
534,534,The twelfth word after the twenty-fifth to last word in this sentence is,twelfth
535,535,The eighteenth word after the thirtieth to last word in this sentence is,word
536,536,The fifteenth word after the twenty-sixth to last word in this sentence is,after
537,537,The thirteenth word after the twenty-third to last word in this sentence is,the
538,538,The sixteenth word after the twenty-ninth to last word in this sentence is,sixteenth
539,539,The twenty-first word after the twenty-ninth to last word in this sentence is,to
540,540,The thirteenth word after the twentieth to last word in this sentence is,last
541,541,The eighth word after the twentieth to last word in this sentence is,word
542,542,The third word after the eighth to last word in this sentence is,in
543,543,The eleventh word after the fifteenth to last word in this sentence is,this
544,544,The thirteenth word after the sixteenth to last word in this sentence is,sentence
545,545,The twentieth word after the twenty-second to last word in this sentence is,is
546,546,The second word after the eleventh to last word in this sentence is,this
547,547,The second word after the sixteenth to last word in this sentence is,The
548,548,The eleventh word after the twentieth to last word in this sentence is,twentieth
549,549,The thirteenth word after the twenty-fifth to last word in this sentence is,word
550,550,The twelfth word after the twenty-third to last word in this sentence is,after
551,551,The seventh word after the seventeenth to last word in this sentence is,the
552,552,The fourteenth word after the twenty-third to last word in this sentence is,twenty-third
553,553,The twelfth word after the twentieth to last word in this sentence is,to
554,554,The seventh word after the fourteenth to last word in this sentence is,last
555,555,The first word after the thirteenth to last word in this sentence is,word
556,556,The nineteenth word after the twenty-fourth to last word in this sentence is,in
557,557,The seventeenth word after the twenty-first to last word in this sentence is,this
558,558,The second word after the fifth to last word in this sentence is,sentence
559,559,The fifth word after the seventh to last word in this sentence is,is
560,560,The seventh word after the twentieth to last word in this sentence is,sentence
561,561,The second word after the sixteenth to last word in this sentence is,The
562,562,The nineteenth word after the twenty-eighth to last word in this sentence is,twenty-eighth
563,563,The tenth word after the twenty-second to last word in this sentence is,word
564,564,The third word after the fourteenth to last word in this sentence is,after
565,565,The fifteenth word after the twenty-fifth to last word in this sentence is,the
566,566,The twenty-first word after the thirtieth to last word in this sentence is,thirtieth
567,567,The ninth word after the seventeenth to last word in this sentence is,to
568,568,The eighteenth word after the twenty-fifth to last word in this sentence is,last
569,569,The sixth word after the eighteenth to last word in this sentence is,word
570,570,The seventeenth word after the twenty-second to last word in this sentence is,in
571,571,The fourth word after the eighth to last word in this sentence is,this
572,572,The sixteenth word after the nineteenth to last word in this sentence is,sentence
573,573,The fifteenth word after the seventeenth to last word in this sentence is,is
574,574,The twelfth word after the twenty-first to last word in this sentence is,is
575,575,The seventh word after the twenty-first to last word in this sentence is,The
576,576,The ninth word after the eighteenth to last word in this sentence is,eighteenth
577,577,The fifteenth word after the twenty-first to last word in this sentence is,word
578,578,The thirteenth word after the twenty-fourth to last word in this sentence is,after
579,579,The fifteenth word after the twenty-fifth to last word in this sentence is,the
580,580,The nineteenth word after the twenty-eighth to last word in this sentence is,twenty-eighth
581,581,The fifteenth word after the twenty-third to last word in this sentence is,to
582,582,The eighth word after the fifteenth to last word in this sentence is,last
583,583,The sixteenth word after the twenty-eighth to last word in this sentence is,word
584,584,The eighth word after the thirteenth to last word in this sentence is,in
585,585,The twenty-second word after the twenty-sixth to last word in this sentence is,this
586,586,The nineteenth word after the twenty-second to last word in this sentence is,sentence
587,587,The fifth word after the seventh to last word in this sentence is is,is
588,588,The eleventh word after the twenty-fourth to last word in this sentence is,word
589,589,The first word after the fifteenth to last word in this sentence is,The
590,590,The fourth word after the seventeenth to last word in this sentence is,fourth
591,591,The eighteenth word after the twenty-fourth to last word in this sentence is,word
592,592,The eighteenth word after the twenty-ninth to last word in this sentence is,after
593,593,The fourteenth word after the twenty-fourth to last word in this sentence is,the
594,594,The ninth word after the eighteenth to last word in this sentence is,eighteenth
595,595,The fourth word after the twelfth to last word in this sentence is,to
596,596,The fourteenth word after the twenty-first to last word in this sentence is,last
597,597,The fourth word after the sixteenth to last word in this sentence is,word
598,598,The twenty-third word after the twenty-eighth to last word in this sentence is,in
599,599,The third word after the seventh to last word in this sentence is,this
600,600,The seventeenth word after the twentieth to last word in this sentence is,sentence
601,601,The nineteenth word after the twenty-first to last word in this sentence is,is
602,602,The fourteenth word after the twenty-third to last word in this sentence is,The
603,603,The fourteenth word after the twenty-eighth to last word in this sentence is,The
604,604,The second word after the eleventh to last word in this sentence is,eleventh
605,605,The eighteenth word after the twenty-fourth to last word in this sentence is,word
606,606,The sixteenth word after the twenty-seventh to last word in this sentence is,after
607,607,The twentieth word after the thirtieth to last word in this sentence is,the
608,608,The eleventh word after the twentieth to last word in this sentence is,twentieth
609,609,The fifteenth word after the twenty-third to last word in this sentence is,to
610,610,The seventh word after the fourteenth to last word in this sentence is,last
611,611,The seventeenth word after the twenty-ninth to last word in this sentence is,word
612,612,The nineteenth word after the twenty-fourth to last word in this sentence is,in
613,613,The eleventh word after the fifteenth to last word in this sentence is,this
614,614,The twenty-seventh word after the thirtieth to last word in this sentence is,sentence
615,615,The tenth word after the twelfth to last word in this sentence is,is
616,616,The twelfth word after the twenty-first to last word in this sentence is,twentieth
617,617,The first word after the fifteenth to last word in this sentence is,The
618,618,The tenth word after the nineteenth to last word in this sentence is,nineteenth
619,619,The second word after the fourteenth to last word in this sentence is,word
620,620,The twelfth word after the twenty-third to last word in this sentence is,after
621,621,The eighteenth word after the twenty-eighth to last word in this sentence is,the
622,622,The sixteenth word after the twenty-fifth to last word in this sentence is,twenty-fifth
623,623,The ninth word after the seventeenth to last word in this sentence is,to
624,624,The ninth word after the sixteenth to last word in this sentence is,last
625,625,The tenth word after the twenty-second to last word in this sentence is,word
626,626,The eighth word after the thirteenth to last word in this sentence is,in
627,627,The twenty-first word after the twenty-fifth to last word in this sentence is,this
628,628,The twenty-first word after the twenty-fourth to last word in this sentence is,sentence
629,629,The third word after the fifth to last word in this sentence is,is
630,630,The nineteenth word after the twenty-third to last word in this sentence is,word
631,631,The third word after the seventeenth to last word in this sentence is,The
632,632,The ninth word after the twenty-second to last word in this sentence is,ninth
633,633,The fifteenth word after the twenty-seventh to last word in this sentence is,word
634,634,The sixteenth word after the twenty-seventh to last word in this sentence is,after
635,635,The thirteenth word after the twenty-third to last word in this sentence is,the
636,636,The eleventh word after the twentieth to last word in this sentence is,twentieth
637,637,The fifth word after the thirteenth to last word in this sentence is,to
638,638,The second word after the ninth to last word in this sentence is,last
639,639,The first word after the thirteenth to last word in this sentence is,word
640,640,The fifth word after the tenth to last word in this sentence is,in
641,641,The twenty-second word after the twenty-sixth to last word in this sentence is,this
642,642,The twenty-fifth word after the twenty-eighth to last word in this sentence is,sentence
643,643,The twenty-sixth word after the twenty-eighth to last word in this sentence is,is
644,644,The ninth word after the twenty-first to last word in this sentence is,after
645,645,The eighth word after the twenty-second to last word in this sentence is,The
646,646,The second word after the fifteenth to last word in this sentence is,second
647,647,The ninth word after the fifteenth to last word in this sentence is,word
648,648,The fifteenth word after the twenty-sixth to last word in this sentence is,after
649,649,The tenth word after the twentieth to last word in this sentence is,the
650,650,The third word after the twelfth to last word in this sentence is,twelfth
651,651,The thirteenth word after the twenty-first to last word in this sentence is,to
652,652,The sixth word after the thirteenth to last word in this sentence is,last
653,653,The fourteenth word after the twenty-sixth to last word in this sentence is,word
654,654,The twenty-third word after the twenty-eighth to last word in this sentence is,in
655,655,The nineteenth word after the twenty-third to last word in this sentence is,this
656,656,The twelfth word after the fifteenth to last word in this sentence is,sentence
657,657,The twenty-first word after the twenty-third to last word in this sentence is,is
658,658,The ninth word after the twenty-second to last word in this sentence is,the
659,659,The fourth word after the eighteenth to last word in this sentence is,The
660,660,The fourteenth word after the twenty-seventh to last word in this sentence is,fourteenth
661,661,The twelfth word after the twenty-fourth to last word in this sentence is,word
662,662,The eighth word after the nineteenth to last word in this sentence is,after
663,663,The seventh word after the seventeenth to last word in this sentence is,the
664,664,The fourteenth word after the twenty-third to last word in this sentence is,twenty-third
665,665,The eighth word after the sixteenth to last word in this sentence is,to
666,666,The thirteenth word after the twentieth to last word in this sentence is,last
667,667,The tenth word after the twenty-second to last word in this sentence is,word
668,668,The fifth word after the tenth to last word in this sentence is,in
669,669,The twenty-fifth word after the twenty-ninth to last word in this sentence is,this
670,670,The third word after the sixth to last word in this sentence is,sentence
671,671,The eleventh word after the thirteenth to last word in this sentence is,is
672,672,The third word after the ninth to last word in this sentence is,twenty-third
673,673,The seventh word after the twenty-first to last word in this sentence is,The
674,674,The seventh word after the twentieth to last word in this sentence is,seventh
675,675,The seventeenth word after the twenty-third to last word in this sentence is,word
676,676,The seventeenth word after the twenty-eighth to last word in this sentence is,after
677,677,The seventh word after the seventeenth to last word in this sentence is,the
678,678,The fifteenth word after the twenty-eighth to last word in this sentence is,fifteenth
679,679,The seventh word after the fifteenth to last word in this sentence is,to
680,680,The eighteenth word after the twenty-fifth to last word in this sentence is,last
681,681,The fifth word after the seventeenth to last word in this sentence is,word
682,682,The fourth word after the ninth to last word in this sentence is,in
683,683,The nineteenth word after the twenty-third to last word in this sentence is,this
684,684,The fifth word after the eighth to last word in this sentence is,sentence
685,685,The ninth word after the eleventh to last word in this sentence is,is
686,686,The ninth word after the eighteenth to last word in this sentence is,to
687,687,The fifteenth word after the twenty-ninth to last word in this sentence is,The
688,688,The sixteenth word after the twenty-ninth to last word in this sentence is,sixteenth
689,689,The tenth word after the sixteenth to last word in this sentence is,word
690,690,The twelfth word after the twenty-third to last word in this sentence is,after
691,691,The tenth word after the twentieth to last word in this sentence is,the
692,692,The fourteenth word after the twenty-third to last word in this sentence is,twenty-third
693,693,The sixth word after the fourteenth to last word in this sentence is,to
694,694,The tenth word after the seventeenth to last word in this sentence is,last
695,695,The second word after the fourteenth to last word in this sentence is,word
696,696,The fifth word after the tenth to last word in this sentence is,in
697,697,The tenth word after the fourteenth to last word in this sentence is,this
698,698,The seventeenth word after the twentieth to last word in this sentence is,sentence
699,699,The fifteenth word after the seventeenth to last word in this sentence is,is
700,700,The nineteenth word after the twenty-second to last word in this sentence is,last
701,701,The ninth word after the twenty-third to last word in this sentence is,The
702,702,The sixth word after the nineteenth to last word in this sentence is,sixth
703,703,The first word after the seventh to last word in this sentence is,word
704,704,The fourteenth word after the twenty-fifth to last word in this sentence is,after
705,705,The twelfth word after the twenty-second to last word in this sentence is,the
706,706,The ninth word after the eighteenth to last word in this sentence is,eighteenth
707,707,The fourteenth word after the twenty-second to last word in this sentence is,to
708,708,The eighteenth word after the twenty-fifth to last word in this sentence is,last
709,709,The thirteenth word after the nineteenth to last word in this sentence is,word
710,710,The second word after the seventh to last word in this sentence is,in
711,711,The thirteenth word after the seventeenth to last word in this sentence is,this
712,712,The nineteenth word after the twenty-second to last word in this sentence is,sentence
713,713,The thirteenth word after the fifteenth to last word in this sentence is,is
714,714,The eighth word after the seventeenth to last word in this sentence is,word
715,715,The sixteenth word after the thirtieth to last word in this sentence is,The
716,716,The tenth word after the twenty-third to last word in this sentence is,tenth
717,717,The fifth word after the eleventh to last word in this sentence is,word
718,718,The seventeenth word after the twenty-eighth to last word in this sentence is,after
719,719,The fourteenth word after the twenty-fourth to last word in this sentence is,the
720,720,The sixth word after the fifteenth to last word in this sentence is,fifteenth
721,721,The thirteenth word after the twenty-first to last word in this sentence is,to
722,722,The eighth word after the fifteenth to last word in this sentence is,last
723,723,The seventeenth word after the twenty-third to last word in this sentence is,word
724,724,The sixteenth word after the twenty-first to last word in this sentence is,in
725,725,The ninth word after the thirteenth to last word in this sentence is,this
726,726,The twenty-second word after the twenty-fifth to last word in this sentence is,sentence
727,727,The eighth word after the tenth to last word in this sentence is,is
728,728,The second word after the eleventh to last word in this sentence is,in
729,729,The sixth word after the twentieth to last word in this sentence is,The
730,730,The third word after the sixteenth to last word in this sentence is,third
731,731,The eighth word after the fourteenth to last word in this sentence is,word
732,732,The sixth word after the seventeenth to last word in this sentence is,after
733,733,The fourteenth word after the twenty-fourth to last word in this sentence is,the
734,734,The seventh word after the twentieth to last word in this sentence is,seventh
735,735,The eighteenth word after the twenty-sixth to last word in this sentence is,to
736,736,The eighteenth word after the twenty-fifth to last word in this sentence is,last
737,737,The twenty-third word after the twenty-ninth to last word in this sentence is,word
738,738,The twenty-fifth word after the thirtieth to last word in this sentence is,in
739,739,The fifth word after the ninth to last word in this sentence is,this
740,740,The twenty-fifth word after the twenty-eighth to last word in this sentence is,sentence
741,741,The eighteenth word after the twentieth to last word in this sentence is,is
742,742,The seventh word after the twentieth to last word in this sentence is,this
743,743,The ninth word after the twenty-third to last word in this sentence is,The
744,744,The fourth word after the thirteenth to last word in this sentence is,thirteenth
745,745,The thirteenth word after the nineteenth to last word in this sentence is,word
746,746,The sixth word after the seventeenth to last word in this sentence is,after
747,747,The sixteenth word after the twenty-sixth to last word in this sentence is,the
748,748,The seventh word after the sixteenth to last word in this sentence is,sixteenth
749,749,The twenty-first word after the twenty-ninth to last word in this sentence is,to
750,750,The eighteenth word after the twenty-fifth to last word in this sentence is,last
751,751,The eleventh word after the twenty-third to last word in this sentence is,word
752,752,The seventh word after the twelfth to last word in this sentence is,in
753,753,The first word after the fifth to last word in this sentence is,this
754,754,The eighth word after the eleventh to last word in this sentence is,sentence
755,755,The twenty-fifth word after the twenty-seventh to last word in this sentence is,is
756,756,The twelfth word after the twenty-first to last word in this sentence is,sentence
757,757,The second word after the sixteenth to last word in this sentence is,The
758,758,The twelfth word after the twenty-fifth to last word in this sentence is,twelfth
759,759,The fifth word after the seventeenth to last word in this sentence is,word
760,760,The ninth word after the twentieth to last word in this sentence is,after
761,761,The twelfth word after the twenty-second to last word in this sentence is,the
762,762,The fourteenth word after the twenty-seventh to last word in this sentence is,fourteenth
763,763,The nineteenth word after the twenty-seventh to last word in this sentence is,to
764,764,The fourth word after the eleventh to last word in this sentence is,last
765,765,The fifth word after the eleventh to last word in this sentence is,word
766,766,The seventh word after the twelfth to last word in this sentence is,in
767,767,The seventeenth word after the twenty-first to last word in this sentence is,this
768,768,The first word after the fourth to last word in this sentence is,sentence
769,769,The twenty-seventh word after the twenty-ninth to last word in this sentence is,is
770,770,The fifth word after the eighteenth to last word in this sentence is,is
771,771,The sixth word after the twentieth to last word in this sentence is,The
772,772,The ninth word after the eighteenth to last word in this sentence is,eighteenth
773,773,The sixteenth word after the twenty-second to last word in this sentence is,word
774,774,The seventeenth word after the twenty-eighth to last word in this sentence is,after
775,775,The seventh word after the seventeenth to last word in this sentence is,the
776,776,The twenty-first word after the thirtieth to last word in this sentence is,thirtieth
777,777,The fourteenth word after the twenty-second to last word in this sentence is,to
778,778,The twentieth word after the twenty-seventh to last word in this sentence is,last
779,779,The eleventh word after the seventeenth to last word in this sentence is,word
780,780,The nineteenth word after the twenty-fourth to last word in this sentence is,in
781,781,The tenth word after the fourteenth to last word in this sentence is,this
782,782,The eighth word after the eleventh to last word in this sentence is,sentence
783,783,The twenty-seventh word after the twenty-ninth to last word in this sentence is,is
784,784,The thirteenth word after the twenty-second to last word in this sentence is,sentence
785,785,The fourteenth word after the twenty-eighth to last word in this sentence is,The
786,786,The seventh word after the sixteenth to last word in this sentence is,sixteenth
787,787,The eleventh word after the twenty-third to last word in this sentence is,word
788,788,The second word after the thirteenth to last word in this sentence is,after
789,789,The fifth word after the fifteenth to last word in this sentence is,the
790,790,The twenty-first word after the thirtieth to last word in this sentence is,thirtieth
791,791,The eighteenth word after the twenty-sixth to last word in this sentence is,to
792,792,The second word after the ninth to last word in this sentence is,last
793,793,The nineteenth word after the twenty-fifth to last word in this sentence is,word
794,794,The fourth word after the ninth to last word in this sentence is,in
795,795,The twelfth word after the sixteenth to last word in this sentence is,this
796,796,The twenty-third word after the twenty-sixth to last word in this sentence is,sentence
797,797,The twenty-third word after the twenty-fifth to last word in this sentence is,is
798,798,The twenty-fifth word after the thirtieth to last word in this sentence is,The
799,799,The twelfth word after the twenty-sixth to last word in this sentence is,The
800,800,The third word after the sixteenth to last word in this sentence is,third
801,801,The sixth word after the twelfth to last word in this sentence is,word
802,802,The eleventh word after the twenty-second to last word in this sentence is,after
803,803,The eighteenth word after the twenty-eighth to last word in this sentence is,the
804,804,The sixteenth word after the twenty-ninth to last word in this sentence is,sixteenth
805,805,The third word after the eleventh to last word in this sentence is,to
806,806,The twelfth word after the nineteenth to last word in this sentence is,last
807,807,The twenty-fourth word after the thirtieth to last word in this sentence is,word
808,808,The seventeenth word after the twenty-second to last word in this sentence is,in
809,809,The tenth word after the fourteenth to last word in this sentence is,this
810,810,The twentieth word after the twenty-third to last word in this sentence is,sentence
811,811,The sixth word after the eighth to last word in this sentence is is,is
812,812,The twelfth word after the twenty-sixth to last word in this sentence is,third
813,813,The eighth word after the twenty-second to last word in this sentence is,The
814,814,The seventh word after the twentieth to last word in this sentence is,seventh
815,815,The tenth word after the sixteenth to last word in this sentence is,word
816,816,The sixth word after the seventeenth to last word in this sentence is,after
817,817,The thirteenth word after the twenty-third to last word in this sentence is,the
818,818,The fourth word after the thirteenth to last word in this sentence is,thirteenth
819,819,The twenty-first word after the twenty-ninth to last word in this sentence is,to
820,820,The seventeenth word after the twenty-fourth to last word in this sentence is,last
821,821,The third word after the ninth to last word in this sentence is,word
822,822,The nineteenth word after the twenty-fourth to last word in this sentence is,in
823,823,The twenty-second word after the twenty-sixth to last word in this sentence is,this
824,824,The sixteenth word after the nineteenth to last word in this sentence is,sentence
825,825,The twenty-fourth word after the twenty-sixth to last word in this sentence is,is
826,826,The fourteenth word after the twenty-third to last word in this sentence is,word
827,827,The first word after the fifteenth to last word in this sentence is,The
828,828,The sixteenth word after the twenty-ninth to last word in this sentence is,sixteenth
829,829,The seventh word after the nineteenth to last word in this sentence is,word
830,830,The seventh word after the eighteenth to last word in this sentence is,after
831,831,The fifteenth word after the twenty-fifth to last word in this sentence is,the
832,832,The eighteenth word after the twenty-seventh to last word in this sentence is,twenty-seventh
833,833,The twelfth word after the twentieth to last word in this sentence is,to
834,834,The nineteenth word after the twenty-sixth to last word in this sentence is,last
835,835,The seventeenth word after the twenty-ninth to last word in this sentence is,word
836,836,The fourteenth word after the nineteenth to last word in this sentence is,in
837,837,The nineteenth word after the twenty-third to last word in this sentence is,this
838,838,The eighteenth word after the twenty-first to last word in this sentence is,sentence
839,839,The second word after the fourth to last word in this sentence is,is
840,840,The eighth word after the fifteenth to last word in this sentence is,after
841,841,The fifteenth word after the twenty-ninth to last word in this sentence is,The
842,842,The sixth word after the nineteenth to last word in this sentence is,sixth
843,843,The seventeenth word after the twenty-third to last word in this sentence is,word
844,844,The fifth word after the sixteenth to last word in this sentence is,after
845,845,The sixth word after the sixteenth to last word in this sentence is,the
846,846,The sixteenth word after the twenty-ninth to last word in this sentence is,sixteenth
847,847,The fifth word after the thirteenth to last word in this sentence is,to
848,848,The eighteenth word after the twenty-fifth to last word in this sentence is,last
849,849,The fourteenth word after the twenty-sixth to last word in this sentence is,word
850,850,The fourth word after the ninth to last word in this sentence is,in
851,851,The eighth word after the twelfth to last word in this sentence is,this
852,852,The twentieth word after the twenty-third to last word in this sentence is,sentence
853,853,The tenth word after the twelfth to last word in this sentence is,is
854,854,The twenty-second word after the twenty-sixth to last word in this sentence is,the
855,855,The twelfth word after the twenty-sixth to last word in this sentence is,The
856,856,The ninth word after the twenty-second to last word in this sentence is,ninth
857,857,The seventh word after the nineteenth to last word in this sentence is,word
858,858,The eleventh word after the twenty-second to last word in this sentence is,after
859,859,The fifth word after the fifteenth to last word in this sentence is,the
860,860,The thirteenth word after the twenty-second to last word in this sentence is,twenty-second
861,861,The ninth word after the seventeenth to last word in this sentence is,to
862,862,The fourth word after the eleventh to last word in this sentence is,last
863,863,The twenty-fourth word after the thirtieth to last word in this sentence is,word
864,864,The fourteenth word after the nineteenth to last word in this sentence is,in
865,865,The twenty-sixth word after the thirtieth to last word in this sentence is,this
866,866,The sixth word after the ninth to last word in this sentence is,sentence
867,867,The twelfth word after the fourteenth to last word in this sentence is is,is
868,868,The eleventh word after the twentieth to last word in this sentence is,ninth
869,869,The ninth word after the twenty-third to last word in this sentence is,The
870,870,The third word after the sixteenth to last word in this sentence is,third
871,871,The fourth word after the tenth to last word in this sentence is,word
872,872,The tenth word after the twenty-first to last word in this sentence is,after
873,873,The thirteenth word after the twenty-third to last word in this sentence is,the
874,874,The second word after the eleventh to last word in this sentence is,eleventh
875,875,The tenth word after the eighteenth to last word in this sentence is,to
876,876,The eighth word after the fifteenth to last word in this sentence is,last
877,877,The twelfth word after the twenty-fourth to last word in this sentence is,word
878,878,The eighteenth word after the twenty-third to last word in this sentence is,in
879,879,The seventh word after the eleventh to last word in this sentence is,this
880,880,The sixth word after the ninth to last word in this sentence is,sentence
881,881,The twentieth word after the twenty-second to last word in this sentence is,is
882,882,The ninth word after the twenty-second to last word in this sentence is,to
883,883,The seventh word after the twenty-first to last word in this sentence is,The
884,884,The thirteenth word after the twenty-sixth to last word in this sentence is,thirteenth
885,885,The sixth word after the twelfth to last word in this sentence is,word
886,886,The first word after the twelfth to last word in this sentence is,after
887,887,The seventeenth word after the twenty-seventh to last word in this sentence is,the
888,888,The eleventh word after the twentieth to last word in this sentence is,twentieth
889,889,The third word after the eleventh to last word in this sentence is,to
890,890,The thirteenth word after the twentieth to last word in this sentence is,last
891,891,The twelfth word after the eighteenth to last word in this sentence is,word
892,892,The third word after the eighth to last word in this sentence is,in
893,893,The twelfth word after the sixteenth to last word in this sentence is,this
894,894,The nineteenth word after the twenty-second to last word in this sentence is,sentence
895,895,The fifteenth word after the seventeenth to last word in this sentence is,is
896,896,The eighteenth word after the twenty-sixth to last word in this sentence is,last
897,897,The fourth word after the eighteenth to last word in this sentence is,The
898,898,The third word after the twelfth to last word in this sentence is,twelfth
899,899,The fourth word after the tenth to last word in this sentence is,word
900,900,The sixteenth word after the twenty-seventh to last word in this sentence is,after
901,901,The seventh word after the seventeenth to last word in this sentence is,the
902,902,The ninth word after the eighteenth to last word in this sentence is,eighteenth
903,903,The eighth word after the sixteenth to last word in this sentence is,to
904,904,The twentieth word after the twenty-seventh to last word in this sentence is,last
905,905,The fourth word after the sixteenth to last word in this sentence is,word
906,906,The fourth word after the ninth to last word in this sentence is,in
907,907,The sixth word after the tenth to last word in this sentence is,this
908,908,The third word after the sixth to last word in this sentence is,sentence
909,909,The twenty-fourth word after the twenty-sixth to last word in this sentence is,is
910,910,The eleventh word after the twentieth to last word in this sentence is,word
911,911,The first word after the fifteenth to last word in this sentence is,The
912,912,The eleventh word after the twentieth to last word in this sentence is,twentieth
913,913,The thirteenth word after the nineteenth to last word in this sentence is,word
914,914,The seventeenth word after the twenty-eighth to last word in this sentence is,after
915,915,The tenth word after the twentieth to last word in this sentence is,the
916,916,The sixteenth word after the twenty-fifth to last word in this sentence is,twenty-fifth
917,917,The fifth word after the thirteenth to last word in this sentence is,to
918,918,The first word after the eighth to last word in this sentence is,last
919,919,The twenty-third word after the twenty-ninth to last word in this sentence is,word
920,920,The eleventh word after the sixteenth to last word in this sentence is,in
921,921,The twentieth word after the twenty-fourth to last word in this sentence is,this
922,922,The twenty-sixth word after the twenty-ninth to last word in this sentence is,sentence
923,923,The twenty-fifth word after the twenty-seventh to last word in this sentence is,is
924,924,The twenty-first word after the twenty-fourth to last word in this sentence is,in
925,925,The ninth word after the twenty-third to last word in this sentence is,The
926,926,The sixteenth word after the twenty-fifth to last word in this sentence is,twenty-fifth
927,927,The twentieth word after the twenty-sixth to last word in this sentence is,word
928,928,The eleventh word after the twenty-second to last word in this sentence is,after
929,929,The seventeenth word after the twenty-seventh to last word in this sentence is,the
930,930,The twentieth word after the twenty-ninth to last word in this sentence is,twenty-ninth
931,931,The twelfth word after the twentieth to last word in this sentence is,to
932,932,The first word after the eighth to last word in this sentence is,last
933,933,The thirteenth word after the nineteenth to last word in this sentence is,word
934,934,The third word after the eighth to last word in this sentence is,in
935,935,The second word after the sixth to last word in this sentence is,this
936,936,The second word after the fifth to last word in this sentence is,sentence
937,937,The twelfth word after the fourteenth to last word in this sentence is,is
938,938,The nineteenth word after the twenty-eighth to last word in this sentence is,this
939,939,The eleventh word after the twenty-fifth to last word in this sentence is,The
940,940,The twelfth word after the twenty-first to last word in this sentence is,twenty-first
941,941,The tenth word after the twenty-second to last word in this sentence is,word
942,942,The eighteenth word after the twenty-ninth to last word in this sentence is,after
943,943,The eleventh word after the twenty-first to last word in this sentence is,the
944,944,The fifteenth word after the twenty-fourth to last word in this sentence is,twenty-fourth
945,945,The twenty-second word after the thirtieth to last word in this sentence is,to
946,946,The seventeenth word after the twenty-fourth to last word in this sentence is,last
947,947,The eighth word after the fourteenth to last word in this sentence is,word
948,948,The eighth word after the thirteenth to last word in this sentence is,in
949,949,The twenty-first word after the twenty-fifth to last word in this sentence is,this
950,950,The nineteenth word after the twenty-second to last word in this sentence is,sentence
951,951,The thirteenth word after the fifteenth to last word in this sentence is,is
952,952,The eleventh word after the twenty-fourth to last word in this sentence is,sentence
953,953,The first word after the fifteenth to last word in this sentence is,The
954,954,The twelfth word after the twenty-first to last word in this sentence is,twenty-first
955,955,The tenth word after the twenty-second to last word in this sentence is,word
956,956,The ninth word after the twentieth to last word in this sentence is,after
957,957,The fifth word after the fifteenth to last word in this sentence is,the
958,958,The fourteenth word after the twenty-third to last word in this sentence is,twenty-third
959,959,The eleventh word after the nineteenth to last word in this sentence is,to
960,960,The fifteenth word after the twenty-second to last word in this sentence is,last
961,961,The twelfth word after the twenty-fourth to last word in this sentence is,word
962,962,The twenty-third word after the twenty-eighth to last word in this sentence is,in
963,963,The sixteenth word after the twentieth to last word in this sentence is,this
964,964,The eighth word after the eleventh to last word in this sentence is,sentence
965,965,The twenty-eighth word after the thirtieth to last word in this sentence is,is
966,966,The seventh word after the twentieth to last word in this sentence is,is
967,967,The third word after the seventeenth to last word in this sentence is,The
968,968,The ninth word after the eighteenth to last word in this sentence is,eighteenth
969,969,The eleventh word after the seventeenth to last word in this sentence is,word
970,970,The ninth word after the twentieth to last word in this sentence is,after
971,971,The fourteenth word after the twenty-fourth to last word in this sentence is,the
972,972,The twelfth word after the twenty-first to last word in this sentence is,twenty-first
973,973,The twentieth word after the twenty-eighth to last word in this sentence is,to
974,974,The third word after the tenth to last word in this sentence is,last
975,975,The fifth word after the seventeenth to last word in this sentence is,word
976,976,The twelfth word after the seventeenth to last word in this sentence is,in
977,977,The thirteenth word after the seventeenth to last word in this sentence is,this
978,978,The ninth word after the twelfth to last word in this sentence is,sentence
979,979,The eleventh word after the thirteenth to last word in this sentence is,is
980,980,The twenty-eighth word after the thirtieth to last word in this sentence is,word